[{"displayName":"USGov Virginia","location":"usgovvirginia","environment":"AzureUSGovernment"},{"displayName":"USGov Iowa","location":"usgoviowa","environment":"AzureUSGovernment"},{"displayName":"USGov Texas","location":"usgovtexas","environment":"AzureUSGovernment"},{"displayName":"USGov Arizona","location":"usgovarizona","environment":"AzureUSGovernment"},{"displayName":"Central US","location":"centralus","environment":"AzureCloud"},{"displayName":"East US","location":"eastus","environment":"AzureCloud"},{"displayName":"East US 2","location":"eastus2","environment":"AzureCloud"},{"displayName":"West US","location":"westus","environment":"AzureCloud"},{"displayName":"West US 2","location":"westus2","environment":"AzureCloud"},{"displayName":"North Central US","location":"northcentralus","environment":"AzureCloud"},{"displayName":"South Central US","location":"southcentralus","environment":"AzureCloud"},{"displayName":"West Central US","location":"westcentralus","environment":"AzureCloud"}]