[{"displayName":"USGov Virginia","location":"usgovvirginia","environment":"AzureUSGovernment","geoPair":"usgovtexas"},{"displayName":"USGov Iowa","location":"usgoviowa","environment":"AzureUSGovernment","geoPair":"usgovvirginia"},{"displayName":"USGov Texas","location":"usgovtexas","environment":"AzureUSGovernment","geoPair":"usgovarizona"},{"displayName":"USGov Arizona","location":"usgovarizona","environment":"AzureUSGovernment","geoPair":"usgovtexas"},{"displayName":"Central US","location":"centralus","environment":"AzureCloud","geoPair":"eastus2"},{"displayName":"East US","location":"eastus","environment":"AzureCloud","geoPair":"westus"},{"displayName":"East US 2","location":"eastus2","environment":"AzureCloud","geoPair":"centralus"},{"displayName":"West US","location":"westus","environment":"AzureCloud","geoPair":"eastus"},{"displayName":"West US 2","location":"westus2","environment":"AzureCloud","geoPair":"westcentralus"},{"displayName":"North Central US","location":"northcentralus","environment":"AzureCloud","geoPair":"southcentralus"},{"displayName":"South Central US","location":"southcentralus","environment":"AzureCloud","geoPair":"northcentralus"},{"displayName":"West Central US","location":"westcentralus","environment":"AzureCloud","geoPair":"westus2"}]